4ANPYAFJNYNJ4APE76,https://apps.apple.com/redeem?ctx=offercodes&id=6769825905&code=4ANPYAFJNYNJ4APE76
WYRJMP3LM76LL3XHRA,https://apps.apple.com/redeem?ctx=offercodes&id=6769825905&code=WYRJMP3LM76LL3XHRA
7WLWNKFTK63W37M3J3,https://apps.apple.com/redeem?ctx=offercodes&id=6769825905&code=7WLWNKFTK63W37M3J3
7JHK7WWHPXXLHNT3KE,https://apps.apple.com/redeem?ctx=offercodes&id=6769825905&code=7JHK7WWHPXXLHNT3KE
EJ8A63MMPFFKEWEKYX,https://apps.apple.com/redeem?ctx=offercodes&id=6769825905&code=EJ8A63MMPFFKEWEKYX
RAXT6AMPP7ENERREKX,https://apps.apple.com/redeem?ctx=offercodes&id=6769825905&code=RAXT6AMPP7ENERREKX
EWLFMH36MLFJ3WE6MM,https://apps.apple.com/redeem?ctx=offercodes&id=6769825905&code=EWLFMH36MLFJ3WE6MM
YWL4FKYH77PENMR6AW,https://apps.apple.com/redeem?ctx=offercodes&id=6769825905&code=YWL4FKYH77PENMR6AW
6J34WTMM8KRYFAY77J,https://apps.apple.com/redeem?ctx=offercodes&id=6769825905&code=6J34WTMM8KRYFAY77J
N783M73FJR3N6AFFTH,https://apps.apple.com/redeem?ctx=offercodes&id=6769825905&code=N783M73FJR3N6AFFTH
T3FETPYT4P4KJR6MKY,https://apps.apple.com/redeem?ctx=offercodes&id=6769825905&code=T3FETPYT4P4KJR6MKY
6TFX6KN8HRLJFEAP46,https://apps.apple.com/redeem?ctx=offercodes&id=6769825905&code=6TFX6KN8HRLJFEAP46
NX476JTW4YWLW4NR43,https://apps.apple.com/redeem?ctx=offercodes&id=6769825905&code=NX476JTW4YWLW4NR43
3L8X7MYL8WPXNLE3FR,https://apps.apple.com/redeem?ctx=offercodes&id=6769825905&code=3L8X7MYL8WPXNLE3FR
TR77TW4TR8H77MPKAH,https://apps.apple.com/redeem?ctx=offercodes&id=6769825905&code=TR77TW4TR8H77MPKAH
RXRLMWATJRE87F3MKF,https://apps.apple.com/redeem?ctx=offercodes&id=6769825905&code=RXRLMWATJRE87F3MKF
6W7MX3YRNJ4FT4HAR7,https://apps.apple.com/redeem?ctx=offercodes&id=6769825905&code=6W7MX3YRNJ4FT4HAR7
WTWMPLEYMP6WNNFR7E,https://apps.apple.com/redeem?ctx=offercodes&id=6769825905&code=WTWMPLEYMP6WNNFR7E
M83JL6THR3LAN3PPMA,https://apps.apple.com/redeem?ctx=offercodes&id=6769825905&code=M83JL6THR3LAN3PPMA
XHN8X8WNX6KYWWT7KP,https://apps.apple.com/redeem?ctx=offercodes&id=6769825905&code=XHN8X8WNX6KYWWT7KP
W36JT8X4E3FMLRJM46,https://apps.apple.com/redeem?ctx=offercodes&id=6769825905&code=W36JT8X4E3FMLRJM46
A33FH346EJR336TLYM,https://apps.apple.com/redeem?ctx=offercodes&id=6769825905&code=A33FH346EJR336TLYM
NFMWPWLE7H7ME4N3LK,https://apps.apple.com/redeem?ctx=offercodes&id=6769825905&code=NFMWPWLE7H7ME4N3LK
64JAFWJE4NE8PJK4AH,https://apps.apple.com/redeem?ctx=offercodes&id=6769825905&code=64JAFWJE4NE8PJK4AH
AYJ6XFTTATXH73KT6L,https://apps.apple.com/redeem?ctx=offercodes&id=6769825905&code=AYJ6XFTTATXH73KT6L
HWKARYE346KFW48JRF,https://apps.apple.com/redeem?ctx=offercodes&id=6769825905&code=HWKARYE346KFW48JRF
JJAEWXWATFXNN8EM47,https://apps.apple.com/redeem?ctx=offercodes&id=6769825905&code=JJAEWXWATFXNN8EM47
H3MFTYKL8X7KKFRLPN,https://apps.apple.com/redeem?ctx=offercodes&id=6769825905&code=H3MFTYKL8X7KKFRLPN
Y6TEPJ74JNP446JMJL,https://apps.apple.com/redeem?ctx=offercodes&id=6769825905&code=Y6TEPJ74JNP446JMJL
P3MXKF4AN6EWP3L6NR,https://apps.apple.com/redeem?ctx=offercodes&id=6769825905&code=P3MXKF4AN6EWP3L6NR
H4EXF6KE34FHX67WYK,https://apps.apple.com/redeem?ctx=offercodes&id=6769825905&code=H4EXF6KE34FHX67WYK
WNMXFX37HAMJR7RPPW,https://apps.apple.com/redeem?ctx=offercodes&id=6769825905&code=WNMXFX37HAMJR7RPPW
7J48FY3KHF6HKW68N7,https://apps.apple.com/redeem?ctx=offercodes&id=6769825905&code=7J48FY3KHF6HKW68N7
NL6TLHA3NJPXEENRRL,https://apps.apple.com/redeem?ctx=offercodes&id=6769825905&code=NL6TLHA3NJPXEENRRL
LKKAFYFTXNWJTXNRRJ,https://apps.apple.com/redeem?ctx=offercodes&id=6769825905&code=LKKAFYFTXNWJTXNRRJ
AWR4NEJR6L488YHLF3,https://apps.apple.com/redeem?ctx=offercodes&id=6769825905&code=AWR4NEJR6L488YHLF3
MRKLKNALYNTAL7HKAR,https://apps.apple.com/redeem?ctx=offercodes&id=6769825905&code=MRKLKNALYNTAL7HKAR
WP4T4EYALJYLMLKELP,https://apps.apple.com/redeem?ctx=offercodes&id=6769825905&code=WP4T4EYALJYLMLKELP
NN3M8P4P3FRNPYX8RN,https://apps.apple.com/redeem?ctx=offercodes&id=6769825905&code=NN3M8P4P3FRNPYX8RN
KLHPTLY4HPLR3WLR7P,https://apps.apple.com/redeem?ctx=offercodes&id=6769825905&code=KLHPTLY4HPLR3WLR7P
X8R4MFFKAJEMJRJKME,https://apps.apple.com/redeem?ctx=offercodes&id=6769825905&code=X8R4MFFKAJEMJRJKME
JKPER4MAAKWF3Y66XY,https://apps.apple.com/redeem?ctx=offercodes&id=6769825905&code=JKPER4MAAKWF3Y66XY
748MY87EAPNXJXPN4F,https://apps.apple.com/redeem?ctx=offercodes&id=6769825905&code=748MY87EAPNXJXPN4F
XEHWF3RNL3REPP4YWJ,https://apps.apple.com/redeem?ctx=offercodes&id=6769825905&code=XEHWF3RNL3REPP4YWJ
N8AFYKJFMH44HLE7EA,https://apps.apple.com/redeem?ctx=offercodes&id=6769825905&code=N8AFYKJFMH44HLE7EA
6A66AL77FX4KJKN7LH,https://apps.apple.com/redeem?ctx=offercodes&id=6769825905&code=6A66AL77FX4KJKN7LH
MWLTNWJ7PKNTJAMAYH,https://apps.apple.com/redeem?ctx=offercodes&id=6769825905&code=MWLTNWJ7PKNTJAMAYH
KP3PJPLYYNJXWF3MXH,https://apps.apple.com/redeem?ctx=offercodes&id=6769825905&code=KP3PJPLYYNJXWF3MXH
67K7JTYK7JLT33F37L,https://apps.apple.com/redeem?ctx=offercodes&id=6769825905&code=67K7JTYK7JLT33F37L
Y37NLWWK4LXHR7FHKH,https://apps.apple.com/redeem?ctx=offercodes&id=6769825905&code=Y37NLWWK4LXHR7FHKH
PMEFXHAKHXNFWNNRFL,https://apps.apple.com/redeem?ctx=offercodes&id=6769825905&code=PMEFXHAKHXNFWNNRFL
JXMFWPJH3W6YWW3HNT,https://apps.apple.com/redeem?ctx=offercodes&id=6769825905&code=JXMFWPJH3W6YWW3HNT
8NX33RRTLPNNFRNL4R,https://apps.apple.com/redeem?ctx=offercodes&id=6769825905&code=8NX33RRTLPNNFRNL4R
JLXHRL4KNM3A6TY4TM,https://apps.apple.com/redeem?ctx=offercodes&id=6769825905&code=JLXHRL4KNM3A6TY4TM
8PKJ4JRXWLA8P4E63X,https://apps.apple.com/redeem?ctx=offercodes&id=6769825905&code=8PKJ4JRXWLA8P4E63X
YA7JYFE7NR48NNHPE4,https://apps.apple.com/redeem?ctx=offercodes&id=6769825905&code=YA7JYFE7NR48NNHPE4
YMA37P3ALEPNK6PKWH,https://apps.apple.com/redeem?ctx=offercodes&id=6769825905&code=YMA37P3ALEPNK6PKWH
637NY4NPK4EM8TXKHT,https://apps.apple.com/redeem?ctx=offercodes&id=6769825905&code=637NY4NPK4EM8TXKHT
JTEJFKLT3RKTMH476P,https://apps.apple.com/redeem?ctx=offercodes&id=6769825905&code=JTEJFKLT3RKTMH476P
8PY6RE4JY348AFRMXM,https://apps.apple.com/redeem?ctx=offercodes&id=6769825905&code=8PY6RE4JY348AFRMXM
YL3Y8KN46N8E4AFXPE,https://apps.apple.com/redeem?ctx=offercodes&id=6769825905&code=YL3Y8KN46N8E4AFXPE
XYX3XR7F3WYJWYPJX8,https://apps.apple.com/redeem?ctx=offercodes&id=6769825905&code=XYX3XR7F3WYJWYPJX8
7K36WE7ATKRNMT8PKP,https://apps.apple.com/redeem?ctx=offercodes&id=6769825905&code=7K36WE7ATKRNMT8PKP
7RLMXXLWFER47Y47MK,https://apps.apple.com/redeem?ctx=offercodes&id=6769825905&code=7RLMXXLWFER47Y47MK
MR8LEWHY6NTMLKRR4P,https://apps.apple.com/redeem?ctx=offercodes&id=6769825905&code=MR8LEWHY6NTMLKRR4P
6XATYR6T3N64867Y68,https://apps.apple.com/redeem?ctx=offercodes&id=6769825905&code=6XATYR6T3N64867Y68
4XJX7LMT46AM63JR6J,https://apps.apple.com/redeem?ctx=offercodes&id=6769825905&code=4XJX7LMT46AM63JR6J
8F77FHKEP8L8ELA6JH,https://apps.apple.com/redeem?ctx=offercodes&id=6769825905&code=8F77FHKEP8L8ELA6JH
86KYJW6WNXX6NPAM4J,https://apps.apple.com/redeem?ctx=offercodes&id=6769825905&code=86KYJW6WNXX6NPAM4J
N6HTFMLJHTF3Y8KWMJ,https://apps.apple.com/redeem?ctx=offercodes&id=6769825905&code=N6HTFMLJHTF3Y8KWMJ
778P4YHWPH6ANLTPXJ,https://apps.apple.com/redeem?ctx=offercodes&id=6769825905&code=778P4YHWPH6ANLTPXJ
TXPFTMW7RNXP4R63JE,https://apps.apple.com/redeem?ctx=offercodes&id=6769825905&code=TXPFTMW7RNXP4R63JE
8JW376WXLPP3K7KRY3,https://apps.apple.com/redeem?ctx=offercodes&id=6769825905&code=8JW376WXLPP3K7KRY3
WX3HHXJNY648NN8XWH,https://apps.apple.com/redeem?ctx=offercodes&id=6769825905&code=WX3HHXJNY648NN8XWH
PJ3AF6NPEYYFRKTRTY,https://apps.apple.com/redeem?ctx=offercodes&id=6769825905&code=PJ3AF6NPEYYFRKTRTY
EMANYRERP7Y3NW6YJ8,https://apps.apple.com/redeem?ctx=offercodes&id=6769825905&code=EMANYRERP7Y3NW6YJ8
AKNL88L74X43KXEART,https://apps.apple.com/redeem?ctx=offercodes&id=6769825905&code=AKNL88L74X43KXEART
EPFAWTJY6F3NJTEJT3,https://apps.apple.com/redeem?ctx=offercodes&id=6769825905&code=EPFAWTJY6F3NJTEJT3
3HRYTFWEARJFEP8FTL,https://apps.apple.com/redeem?ctx=offercodes&id=6769825905&code=3HRYTFWEARJFEP8FTL
THEFJRWWPNM6X7NRTK,https://apps.apple.com/redeem?ctx=offercodes&id=6769825905&code=THEFJRWWPNM6X7NRTK
TMK3AF3HWHXLF8MRKA,https://apps.apple.com/redeem?ctx=offercodes&id=6769825905&code=TMK3AF3HWHXLF8MRKA
NEM878NNEXPWYJ4847,https://apps.apple.com/redeem?ctx=offercodes&id=6769825905&code=NEM878NNEXPWYJ4847
6J7E6YFYLHM7Y47EA8,https://apps.apple.com/redeem?ctx=offercodes&id=6769825905&code=6J7E6YFYLHM7Y47EA8
8YK3J6H33N6XTPPPH6,https://apps.apple.com/redeem?ctx=offercodes&id=6769825905&code=8YK3J6H33N6XTPPPH6
PJA8HT8N7FMJJLLEWH,https://apps.apple.com/redeem?ctx=offercodes&id=6769825905&code=PJA8HT8N7FMJJLLEWH
LXKEA7EYJFH6JK4KM8,https://apps.apple.com/redeem?ctx=offercodes&id=6769825905&code=LXKEA7EYJFH6JK4KM8
Y88AA6K4X3W8JNKFN4,https://apps.apple.com/redeem?ctx=offercodes&id=6769825905&code=Y88AA6K4X3W8JNKFN4
JR6RW7KA4AW88YH7JK,https://apps.apple.com/redeem?ctx=offercodes&id=6769825905&code=JR6RW7KA4AW88YH7JK
8WRPPXFELXJ7NL8RXY,https://apps.apple.com/redeem?ctx=offercodes&id=6769825905&code=8WRPPXFELXJ7NL8RXY
RALYKTLJNFJETFFPPT,https://apps.apple.com/redeem?ctx=offercodes&id=6769825905&code=RALYKTLJNFJETFFPPT
FFFJEREJE7PYN84E4Y,https://apps.apple.com/redeem?ctx=offercodes&id=6769825905&code=FFFJEREJE7PYN84E4Y
8EJJKHTJ87YFPJT7FT,https://apps.apple.com/redeem?ctx=offercodes&id=6769825905&code=8EJJKHTJ87YFPJT7FT
FL7WX387HRMXFFRMFN,https://apps.apple.com/redeem?ctx=offercodes&id=6769825905&code=FL7WX387HRMXFFRMFN
PPW4F64PX6AM6PER7X,https://apps.apple.com/redeem?ctx=offercodes&id=6769825905&code=PPW4F64PX6AM6PER7X
JERJWNXNMNWKWLYJWF,https://apps.apple.com/redeem?ctx=offercodes&id=6769825905&code=JERJWNXNMNWKWLYJWF
FT3MPRN64JJEWTYLER,https://apps.apple.com/redeem?ctx=offercodes&id=6769825905&code=FT3MPRN64JJEWTYLER
NRHTEJT4K7JML78R6H,https://apps.apple.com/redeem?ctx=offercodes&id=6769825905&code=NRHTEJT4K7JML78R6H
RJJLKYJKFXRLKXKELL,https://apps.apple.com/redeem?ctx=offercodes&id=6769825905&code=RJJLKYJKFXRLKXKELL
EHNRKXHERYH38YMPMA,https://apps.apple.com/redeem?ctx=offercodes&id=6769825905&code=EHNRKXHERYH38YMPMA
FNKXXPW4KWE4NREMJY,https://apps.apple.com/redeem?ctx=offercodes&id=6769825905&code=FNKXXPW4KWE4NREMJY
MLP6HJR6Y6MMXKEFP6,https://apps.apple.com/redeem?ctx=offercodes&id=6769825905&code=MLP6HJR6Y6MMXKEFP6
LF4TJ7L7XFHLYRAHK4,https://apps.apple.com/redeem?ctx=offercodes&id=6769825905&code=LF4TJ7L7XFHLYRAHK4
NY3FXAH7LKW3X3XLWJ,https://apps.apple.com/redeem?ctx=offercodes&id=6769825905&code=NY3FXAH7LKW3X3XLWJ
LM88PAYXF3WXNE8KRL,https://apps.apple.com/redeem?ctx=offercodes&id=6769825905&code=LM88PAYXF3WXNE8KRL
HFN7XPAWLKF768WP7P,https://apps.apple.com/redeem?ctx=offercodes&id=6769825905&code=HFN7XPAWLKF768WP7P
KL6XYHL8R7AMMHTWWK,https://apps.apple.com/redeem?ctx=offercodes&id=6769825905&code=KL6XYHL8R7AMMHTWWK
R8H7XTT8FE7RP6FTYE,https://apps.apple.com/redeem?ctx=offercodes&id=6769825905&code=R8H7XTT8FE7RP6FTYE
HTY33Y7FJEFFFHHMN7,https://apps.apple.com/redeem?ctx=offercodes&id=6769825905&code=HTY33Y7FJEFFFHHMN7
37FFXE8Y8JJFRXL8LR,https://apps.apple.com/redeem?ctx=offercodes&id=6769825905&code=37FFXE8Y8JJFRXL8LR
JRWXJRP6JJ3J3NLLFN,https://apps.apple.com/redeem?ctx=offercodes&id=6769825905&code=JRWXJRP6JJ3J3NLLFN
ML44TNTPRWWAYERR3N,https://apps.apple.com/redeem?ctx=offercodes&id=6769825905&code=ML44TNTPRWWAYERR3N
NXK3PPRMX8T8MERFMF,https://apps.apple.com/redeem?ctx=offercodes&id=6769825905&code=NXK3PPRMX8T8MERFMF
K4W67X3T86N664TRLH,https://apps.apple.com/redeem?ctx=offercodes&id=6769825905&code=K4W67X3T86N664TRLH
6JE7KJ3HYHYPRETJLF,https://apps.apple.com/redeem?ctx=offercodes&id=6769825905&code=6JE7KJ3HYHYPRETJLF
AEYA6RYKMEMRTLF3WH,https://apps.apple.com/redeem?ctx=offercodes&id=6769825905&code=AEYA6RYKMEMRTLF3WH
NENJPJLFMWRJFPJ7H3,https://apps.apple.com/redeem?ctx=offercodes&id=6769825905&code=NENJPJLFMWRJFPJ7H3
6P6F6MF8PREARX3NL8,https://apps.apple.com/redeem?ctx=offercodes&id=6769825905&code=6P6F6MF8PREARX3NL8
XLKJFF3PFF87M66XYW,https://apps.apple.com/redeem?ctx=offercodes&id=6769825905&code=XLKJFF3PFF87M66XYW
HJEXJEAJFFA6AEENE6,https://apps.apple.com/redeem?ctx=offercodes&id=6769825905&code=HJEXJEAJFFA6AEENE6
RH6XXTMWMFREEY4Y67,https://apps.apple.com/redeem?ctx=offercodes&id=6769825905&code=RH6XXTMWMFREEY4Y67
YJM3RAYHW8ET8E66MP,https://apps.apple.com/redeem?ctx=offercodes&id=6769825905&code=YJM3RAYHW8ET8E66MP
HKRLJNLTY36TAWJTN8,https://apps.apple.com/redeem?ctx=offercodes&id=6769825905&code=HKRLJNLTY36TAWJTN8
JPTN3J7KAWR7W3WPAL,https://apps.apple.com/redeem?ctx=offercodes&id=6769825905&code=JPTN3J7KAWR7W3WPAL
A6PJE7TW4HR7W637FF,https://apps.apple.com/redeem?ctx=offercodes&id=6769825905&code=A6PJE7TW4HR7W637FF
RM74TPRNJNMJKTRHYM,https://apps.apple.com/redeem?ctx=offercodes&id=6769825905&code=RM74TPRNJNMJKTRHYM
MFWH7ENNK3A6FFAM4E,https://apps.apple.com/redeem?ctx=offercodes&id=6769825905&code=MFWH7ENNK3A6FFAM4E
PYPYH6XJMXEK77MHTY,https://apps.apple.com/redeem?ctx=offercodes&id=6769825905&code=PYPYH6XJMXEK77MHTY
KMM7LAKEYP7N6NAX4P,https://apps.apple.com/redeem?ctx=offercodes&id=6769825905&code=KMM7LAKEYP7N6NAX4P
RAA3MLLHMNH847JHTK,https://apps.apple.com/redeem?ctx=offercodes&id=6769825905&code=RAA3MLLHMNH847JHTK
MERLNAKNKYE3MPEWR4,https://apps.apple.com/redeem?ctx=offercodes&id=6769825905&code=MERLNAKNKYE3MPEWR4
FEWEKFXR7W4EN36LKX,https://apps.apple.com/redeem?ctx=offercodes&id=6769825905&code=FEWEKFXR7W4EN36LKX
PWT3RHRN78AAYKXRNN,https://apps.apple.com/redeem?ctx=offercodes&id=6769825905&code=PWT3RHRN78AAYKXRNN
3X7MWMWJW6PMARTJ8J,https://apps.apple.com/redeem?ctx=offercodes&id=6769825905&code=3X7MWMWJW6PMARTJ8J
FFEFJKRML68XLTAJRM,https://apps.apple.com/redeem?ctx=offercodes&id=6769825905&code=FFEFJKRML68XLTAJRM
NL66MRKXN3LN6J4JKH,https://apps.apple.com/redeem?ctx=offercodes&id=6769825905&code=NL66MRKXN3LN6J4JKH
FKPWFYP6LYHLYWWTHY,https://apps.apple.com/redeem?ctx=offercodes&id=6769825905&code=FKPWFYP6LYHLYWWTHY
864NFNHHJXMYNA87WW,https://apps.apple.com/redeem?ctx=offercodes&id=6769825905&code=864NFNHHJXMYNA87WW
W7864HYMPYP77WXYYR,https://apps.apple.com/redeem?ctx=offercodes&id=6769825905&code=W7864HYMPYP77WXYYR
3JENJM6FAT4KNR4EN8,https://apps.apple.com/redeem?ctx=offercodes&id=6769825905&code=3JENJM6FAT4KNR4EN8
8FPHFRP3TA7JN3TWY3,https://apps.apple.com/redeem?ctx=offercodes&id=6769825905&code=8FPHFRP3TA7JN3TWY3
K38W7WNJHYFHH6JJA3,https://apps.apple.com/redeem?ctx=offercodes&id=6769825905&code=K38W7WNJHYFHH6JJA3
EPW6TWRM8KFLA4F6NK,https://apps.apple.com/redeem?ctx=offercodes&id=6769825905&code=EPW6TWRM8KFLA4F6NK
JFYYXYLEYELFHJ4RPN,https://apps.apple.com/redeem?ctx=offercodes&id=6769825905&code=JFYYXYLEYELFHJ4RPN
6PPJWTRM4K3KYRP6L3,https://apps.apple.com/redeem?ctx=offercodes&id=6769825905&code=6PPJWTRM4K3KYRP6L3
W7XNRWP3HFW4Y47YF7,https://apps.apple.com/redeem?ctx=offercodes&id=6769825905&code=W7XNRWP3HFW4Y47YF7
JKXMYWEEAKN743R36N,https://apps.apple.com/redeem?ctx=offercodes&id=6769825905&code=JKXMYWEEAKN743R36N
T8N3PW6LNFTREW38FR,https://apps.apple.com/redeem?ctx=offercodes&id=6769825905&code=T8N3PW6LNFTREW38FR
AA3RNXJYX8RN7M8XJJ,https://apps.apple.com/redeem?ctx=offercodes&id=6769825905&code=AA3RNXJYX8RN7M8XJJ
ARF3KANP333L748AYY,https://apps.apple.com/redeem?ctx=offercodes&id=6769825905&code=ARF3KANP333L748AYY
34EHTMXF4FP7ERT4JF,https://apps.apple.com/redeem?ctx=offercodes&id=6769825905&code=34EHTMXF4FP7ERT4JF
EHJWREK3TRX4RMY3P8,https://apps.apple.com/redeem?ctx=offercodes&id=6769825905&code=EHJWREK3TRX4RMY3P8
46E7WPTXXYLYTWJ677,https://apps.apple.com/redeem?ctx=offercodes&id=6769825905&code=46E7WPTXXYLYTWJ677
7MNL7KKE6X7T73437E,https://apps.apple.com/redeem?ctx=offercodes&id=6769825905&code=7MNL7KKE6X7T73437E
3Y4F76LRPHPLHMMF6L,https://apps.apple.com/redeem?ctx=offercodes&id=6769825905&code=3Y4F76LRPHPLHMMF6L
6XH7JRKWJXKPTXK4PA,https://apps.apple.com/redeem?ctx=offercodes&id=6769825905&code=6XH7JRKWJXKPTXK4PA
YLNT3JWFNYTFL86MTR,https://apps.apple.com/redeem?ctx=offercodes&id=6769825905&code=YLNT3JWFNYTFL86MTR
7YR4T4MAL73XF848JE,https://apps.apple.com/redeem?ctx=offercodes&id=6769825905&code=7YR4T4MAL73XF848JE
FLNF8JXKLNYT6JXWEA,https://apps.apple.com/redeem?ctx=offercodes&id=6769825905&code=FLNF8JXKLNYT6JXWEA
LFLH6384KF6MNP48T3,https://apps.apple.com/redeem?ctx=offercodes&id=6769825905&code=LFLH6384KF6MNP48T3
A4MY7JER3LK8PLATKF,https://apps.apple.com/redeem?ctx=offercodes&id=6769825905&code=A4MY7JER3LK8PLATKF
NF34NH6PJAFTWW7E7Y,https://apps.apple.com/redeem?ctx=offercodes&id=6769825905&code=NF34NH6PJAFTWW7E7Y
PN4JT6H4WKEPW3NL6H,https://apps.apple.com/redeem?ctx=offercodes&id=6769825905&code=PN4JT6H4WKEPW3NL6H
844KWNJHEWP4467MH3,https://apps.apple.com/redeem?ctx=offercodes&id=6769825905&code=844KWNJHEWP4467MH3
EL67TNM7KWJJKN7MXF,https://apps.apple.com/redeem?ctx=offercodes&id=6769825905&code=EL67TNM7KWJJKN7MXF
4FTAWY44YPPA4KERK3,https://apps.apple.com/redeem?ctx=offercodes&id=6769825905&code=4FTAWY44YPPA4KERK3
KKM64X3L4MTAPJJA4N,https://apps.apple.com/redeem?ctx=offercodes&id=6769825905&code=KKM64X3L4MTAPJJA4N
XY4JTTK3M8TA36NJ36,https://apps.apple.com/redeem?ctx=offercodes&id=6769825905&code=XY4JTTK3M8TA36NJ36
NAMTN3H3PTPFJWP4R6,https://apps.apple.com/redeem?ctx=offercodes&id=6769825905&code=NAMTN3H3PTPFJWP4R6
N3KN74N7MR7YFHFMXH,https://apps.apple.com/redeem?ctx=offercodes&id=6769825905&code=N3KN74N7MR7YFHFMXH
TEYMKLLF4NRMTWR6XW,https://apps.apple.com/redeem?ctx=offercodes&id=6769825905&code=TEYMKLLF4NRMTWR6XW
FK6KF7NXNTH764XF3E,https://apps.apple.com/redeem?ctx=offercodes&id=6769825905&code=FK6KF7NXNTH764XF3E
HH686TH87FLWEM36XL,https://apps.apple.com/redeem?ctx=offercodes&id=6769825905&code=HH686TH87FLWEM36XL
FJPWJTYAYN47RAYTX4,https://apps.apple.com/redeem?ctx=offercodes&id=6769825905&code=FJPWJTYAYN47RAYTX4
KX3PYHWAXH74WMFTYW,https://apps.apple.com/redeem?ctx=offercodes&id=6769825905&code=KX3PYHWAXH74WMFTYW
NW7WAPEWW3Y888NKHR,https://apps.apple.com/redeem?ctx=offercodes&id=6769825905&code=NW7WAPEWW3Y888NKHR
KPHEFKKAJ4AXF8EWYE,https://apps.apple.com/redeem?ctx=offercodes&id=6769825905&code=KPHEFKKAJ4AXF8EWYE
AH8H3KN7AHLW3XJFJN,https://apps.apple.com/redeem?ctx=offercodes&id=6769825905&code=AH8H3KN7AHLW3XJFJN
PKEFTL8WFPLN7FL8KM,https://apps.apple.com/redeem?ctx=offercodes&id=6769825905&code=PKEFTL8WFPLN7FL8KM
6XTK8ALRARRRKEE7Y3,https://apps.apple.com/redeem?ctx=offercodes&id=6769825905&code=6XTK8ALRARRRKEE7Y3
N8XXEYRXJRLPRATJLA,https://apps.apple.com/redeem?ctx=offercodes&id=6769825905&code=N8XXEYRXJRLPRATJLA
HRWMYFERHJHK43JHT7,https://apps.apple.com/redeem?ctx=offercodes&id=6769825905&code=HRWMYFERHJHK43JHT7
AWNRXYTWMMXXE7N7LN,https://apps.apple.com/redeem?ctx=offercodes&id=6769825905&code=AWNRXYTWMMXXE7N7LN
FFF4T8TLR363L6MLAW,https://apps.apple.com/redeem?ctx=offercodes&id=6769825905&code=FFF4T8TLR363L6MLAW
FYNFREFY4M8PMLRFTH,https://apps.apple.com/redeem?ctx=offercodes&id=6769825905&code=FYNFREFY4M8PMLRFTH
ETAMF8AAF7HNLPNTM7,https://apps.apple.com/redeem?ctx=offercodes&id=6769825905&code=ETAMF8AAF7HNLPNTM7
4L7KPLT77KKXRF4H7K,https://apps.apple.com/redeem?ctx=offercodes&id=6769825905&code=4L7KPLT77KKXRF4H7K
FAJLRNPXMNPPAHKAN3,https://apps.apple.com/redeem?ctx=offercodes&id=6769825905&code=FAJLRNPXMNPPAHKAN3
AAE36WK63FRJX68KXE,https://apps.apple.com/redeem?ctx=offercodes&id=6769825905&code=AAE36WK63FRJX68KXE
FT3YHX6NMYLAWPTAY8,https://apps.apple.com/redeem?ctx=offercodes&id=6769825905&code=FT3YHX6NMYLAWPTAY8
AL3YL4N7J4R33L8T8M,https://apps.apple.com/redeem?ctx=offercodes&id=6769825905&code=AL3YL4N7J4R33L8T8M
NT4XR67MAYEAHF6RWH,https://apps.apple.com/redeem?ctx=offercodes&id=6769825905&code=NT4XR67MAYEAHF6RWH
6NE7XMWFTWR8WMJW3F,https://apps.apple.com/redeem?ctx=offercodes&id=6769825905&code=6NE7XMWFTWR8WMJW3F
XREKEE8JFE6TM83F8M,https://apps.apple.com/redeem?ctx=offercodes&id=6769825905&code=XREKEE8JFE6TM83F8M
M76KY8AEMXMYEAW776,https://apps.apple.com/redeem?ctx=offercodes&id=6769825905&code=M76KY8AEMXMYEAW776
WWRPXJ4AEJNLMTL8EE,https://apps.apple.com/redeem?ctx=offercodes&id=6769825905&code=WWRPXJ4AEJNLMTL8EE
KT6XJRYMWY4M4ARMHL,https://apps.apple.com/redeem?ctx=offercodes&id=6769825905&code=KT6XJRYMWY4M4ARMHL
MEWFWW6XW6JXLWR6J7,https://apps.apple.com/redeem?ctx=offercodes&id=6769825905&code=MEWFWW6XW6JXLWR6J7
LW3AXYTPYFHLHLPJ4A,https://apps.apple.com/redeem?ctx=offercodes&id=6769825905&code=LW3AXYTPYFHLHLPJ4A
M7HL6W6WE4ELEEFARN,https://apps.apple.com/redeem?ctx=offercodes&id=6769825905&code=M7HL6W6WE4ELEEFARN
RY4HP3TKEFNH64XEXR,https://apps.apple.com/redeem?ctx=offercodes&id=6769825905&code=RY4HP3TKEFNH64XEXR
L7NJJAJK3XW8NK3NM4,https://apps.apple.com/redeem?ctx=offercodes&id=6769825905&code=L7NJJAJK3XW8NK3NM4
7TXE4XAH36KRHPKMJ3,https://apps.apple.com/redeem?ctx=offercodes&id=6769825905&code=7TXE4XAH36KRHPKMJ3
64JWR8N6HYTAAHFHAR,https://apps.apple.com/redeem?ctx=offercodes&id=6769825905&code=64JWR8N6HYTAAHFHAR
NW6NH4L47EF44K8EKJ,https://apps.apple.com/redeem?ctx=offercodes&id=6769825905&code=NW6NH4L47EF44K8EKJ
8844TRYKM4HFEFHHW4,https://apps.apple.com/redeem?ctx=offercodes&id=6769825905&code=8844TRYKM4HFEFHHW4
PHFRXE6K73A3HWNF37,https://apps.apple.com/redeem?ctx=offercodes&id=6769825905&code=PHFRXE6K73A3HWNF37
A3TXTK6N8EH7YPFNHJ,https://apps.apple.com/redeem?ctx=offercodes&id=6769825905&code=A3TXTK6N8EH7YPFNHJ
Y7WTTMRJJ7NT3LPFKL,https://apps.apple.com/redeem?ctx=offercodes&id=6769825905&code=Y7WTTMRJJ7NT3LPFKL
3JW43FHMTKFRWPPHHF,https://apps.apple.com/redeem?ctx=offercodes&id=6769825905&code=3JW43FHMTKFRWPPHHF
RTHNAE6NPYFP4FJKRT,https://apps.apple.com/redeem?ctx=offercodes&id=6769825905&code=RTHNAE6NPYFP4FJKRT
F3NHL3MPL4FFARXMN4,https://apps.apple.com/redeem?ctx=offercodes&id=6769825905&code=F3NHL3MPL4FFARXMN4
NHTEP3LA7A3WWX6EAH,https://apps.apple.com/redeem?ctx=offercodes&id=6769825905&code=NHTEP3LA7A3WWX6EAH
KRKTMX6W84LA3PNPKH,https://apps.apple.com/redeem?ctx=offercodes&id=6769825905&code=KRKTMX6W84LA3PNPKH
PEMTP6TPE4MA6NK4HW,https://apps.apple.com/redeem?ctx=offercodes&id=6769825905&code=PEMTP6TPE4MA6NK4HW
FKX7K4NXF8W7XRX3K4,https://apps.apple.com/redeem?ctx=offercodes&id=6769825905&code=FKX7K4NXF8W7XRX3K4
67EANL46EMP8JAYT6E,https://apps.apple.com/redeem?ctx=offercodes&id=6769825905&code=67EANL46EMP8JAYT6E
K3YW8NXMRJ7PY44M6R,https://apps.apple.com/redeem?ctx=offercodes&id=6769825905&code=K3YW8NXMRJ7PY44M6R
K8NX3MWJ7X74W4FLHJ,https://apps.apple.com/redeem?ctx=offercodes&id=6769825905&code=K8NX3MWJ7X74W4FLHJ
F4T3AJ8KT6HYJF4EEK,https://apps.apple.com/redeem?ctx=offercodes&id=6769825905&code=F4T3AJ8KT6HYJF4EEK
6PJ6JXXMTNFTWKX6M7,https://apps.apple.com/redeem?ctx=offercodes&id=6769825905&code=6PJ6JXXMTNFTWKX6M7
HX77TE7J4668KREMFJ,https://apps.apple.com/redeem?ctx=offercodes&id=6769825905&code=HX77TE7J4668KREMFJ
FKHR6HRAX7ARLFMHML,https://apps.apple.com/redeem?ctx=offercodes&id=6769825905&code=FKHR6HRAX7ARLFMHML
EXLLTXMA8XNFWJ8N4T,https://apps.apple.com/redeem?ctx=offercodes&id=6769825905&code=EXLLTXMA8XNFWJ8N4T
MF4YF73667JMJ7JHY8,https://apps.apple.com/redeem?ctx=offercodes&id=6769825905&code=MF4YF73667JMJ7JHY8
APX37JTRARLLKNJJJ6,https://apps.apple.com/redeem?ctx=offercodes&id=6769825905&code=APX37JTRARLLKNJJJ6
JXAA3F733Y6WJNK3KT,https://apps.apple.com/redeem?ctx=offercodes&id=6769825905&code=JXAA3F733Y6WJNK3KT
RPJK73NEWKMRNMM3KF,https://apps.apple.com/redeem?ctx=offercodes&id=6769825905&code=RPJK73NEWKMRNMM3KF
TA84PREWYXTHW86P4H,https://apps.apple.com/redeem?ctx=offercodes&id=6769825905&code=TA84PREWYXTHW86P4H
W3Y3E6ER78PNEJ63TN,https://apps.apple.com/redeem?ctx=offercodes&id=6769825905&code=W3Y3E6ER78PNEJ63TN
HTJ6JPR74NTPTPML6X,https://apps.apple.com/redeem?ctx=offercodes&id=6769825905&code=HTJ6JPR74NTPTPML6X
FELLJEJ3HTYWPXMJWX,https://apps.apple.com/redeem?ctx=offercodes&id=6769825905&code=FELLJEJ3HTYWPXMJWX
MKXHKHKLLTF4K3ANY7,https://apps.apple.com/redeem?ctx=offercodes&id=6769825905&code=MKXHKHKLLTF4K3ANY7
3TMF8RPPT6TATWKPP7,https://apps.apple.com/redeem?ctx=offercodes&id=6769825905&code=3TMF8RPPT6TATWKPP7
J84YRYXFALRKLA84KE,https://apps.apple.com/redeem?ctx=offercodes&id=6769825905&code=J84YRYXFALRKLA84KE
TFPWHAENFEHPLY6WEW,https://apps.apple.com/redeem?ctx=offercodes&id=6769825905&code=TFPWHAENFEHPLY6WEW
MLLKM6TXPAW3KR84WN,https://apps.apple.com/redeem?ctx=offercodes&id=6769825905&code=MLLKM6TXPAW3KR84WN
NTN8TXMYK33HYXEYWY,https://apps.apple.com/redeem?ctx=offercodes&id=6769825905&code=NTN8TXMYK33HYXEYWY
6PRFXFNYP4W3MA4KEX,https://apps.apple.com/redeem?ctx=offercodes&id=6769825905&code=6PRFXFNYP4W3MA4KEX
JJX6ATXHR3NAN6YFEA,https://apps.apple.com/redeem?ctx=offercodes&id=6769825905&code=JJX6ATXHR3NAN6YFEA
EWHL774P8RJALHPEP8,https://apps.apple.com/redeem?ctx=offercodes&id=6769825905&code=EWHL774P8RJALHPEP8
M7A64AJ7NP647RRHXL,https://apps.apple.com/redeem?ctx=offercodes&id=6769825905&code=M7A64AJ7NP647RRHXL
H3LNXA6W6FPRMY6FKE,https://apps.apple.com/redeem?ctx=offercodes&id=6769825905&code=H3LNXA6W6FPRMY6FKE
7JJ8EEWETJJ3H8LXKP,https://apps.apple.com/redeem?ctx=offercodes&id=6769825905&code=7JJ8EEWETJJ3H8LXKP
PR7AF3LL7N8N8A4HMP,https://apps.apple.com/redeem?ctx=offercodes&id=6769825905&code=PR7AF3LL7N8N8A4HMP
7HEWYNEHNEEANLWRF3,https://apps.apple.com/redeem?ctx=offercodes&id=6769825905&code=7HEWYNEHNEEANLWRF3
FXMY86WMM3PTE64PMF,https://apps.apple.com/redeem?ctx=offercodes&id=6769825905&code=FXMY86WMM3PTE64PMF
7XFARH74W3KRTHAWHP,https://apps.apple.com/redeem?ctx=offercodes&id=6769825905&code=7XFARH74W3KRTHAWHP
MMNREL8YFANAEPLA3R,https://apps.apple.com/redeem?ctx=offercodes&id=6769825905&code=MMNREL8YFANAEPLA3R
JHPP8P8WPMRELM6PWA,https://apps.apple.com/redeem?ctx=offercodes&id=6769825905&code=JHPP8P8WPMRELM6PWA
PWY88MEWF7WYKXK3EP,https://apps.apple.com/redeem?ctx=offercodes&id=6769825905&code=PWY88MEWF7WYKXK3EP
HH3AF6KJRL6FRFF6YJ,https://apps.apple.com/redeem?ctx=offercodes&id=6769825905&code=HH3AF6KJRL6FRFF6YJ
EWRF88FFEHLEL3YK4L,https://apps.apple.com/redeem?ctx=offercodes&id=6769825905&code=EWRF88FFEHLEL3YK4L
EWMH34YLWHLEMAMT74,https://apps.apple.com/redeem?ctx=offercodes&id=6769825905&code=EWMH34YLWHLEMAMT74
RF7K6YAFM88JRMTX6X,https://apps.apple.com/redeem?ctx=offercodes&id=6769825905&code=RF7K6YAFM88JRMTX6X
6TEMKXAJF47HRYFKNL,https://apps.apple.com/redeem?ctx=offercodes&id=6769825905&code=6TEMKXAJF47HRYFKNL
PPH8R4A6WXEL6ARJJY,https://apps.apple.com/redeem?ctx=offercodes&id=6769825905&code=PPH8R4A6WXEL6ARJJY
L8HNKTAJ6WANHXLYL7,https://apps.apple.com/redeem?ctx=offercodes&id=6769825905&code=L8HNKTAJ6WANHXLYL7
X7NXPRTFEWJKTF77FH,https://apps.apple.com/redeem?ctx=offercodes&id=6769825905&code=X7NXPRTFEWJKTF77FH
RTJKAKHXH8T4KAF7W7,https://apps.apple.com/redeem?ctx=offercodes&id=6769825905&code=RTJKAKHXH8T4KAF7W7
PN3JKXT4H7FRM7KE84,https://apps.apple.com/redeem?ctx=offercodes&id=6769825905&code=PN3JKXT4H7FRM7KE84
4A36APME6KPTRH48MP,https://apps.apple.com/redeem?ctx=offercodes&id=6769825905&code=4A36APME6KPTRH48MP
746KYRPF3R487KHY83,https://apps.apple.com/redeem?ctx=offercodes&id=6769825905&code=746KYRPF3R487KHY83
E4YM737WRJEMWRMWMT,https://apps.apple.com/redeem?ctx=offercodes&id=6769825905&code=E4YM737WRJEMWRMWMT
R86RATH8P7W8RNJRF8,https://apps.apple.com/redeem?ctx=offercodes&id=6769825905&code=R86RATH8P7W8RNJRF8
3FF6PLYR464JNP67KW,https://apps.apple.com/redeem?ctx=offercodes&id=6769825905&code=3FF6PLYR464JNP67KW
LAHALXAF3JW6F4YT4R,https://apps.apple.com/redeem?ctx=offercodes&id=6769825905&code=LAHALXAF3JW6F4YT4R
K6EXL6NKWTKELKX7R8,https://apps.apple.com/redeem?ctx=offercodes&id=6769825905&code=K6EXL6NKWTKELKX7R8
XYTXKJEHXXHPMWJR4R,https://apps.apple.com/redeem?ctx=offercodes&id=6769825905&code=XYTXKJEHXXHPMWJR4R
MWKR3RAM6LL3RFAJTR,https://apps.apple.com/redeem?ctx=offercodes&id=6769825905&code=MWKR3RAM6LL3RFAJTR
YHFWPNJT34MYF66YHP,https://apps.apple.com/redeem?ctx=offercodes&id=6769825905&code=YHFWPNJT34MYF66YHP
LLRLYXME7LXKNK6NX8,https://apps.apple.com/redeem?ctx=offercodes&id=6769825905&code=LLRLYXME7LXKNK6NX8
YJWYJFL8XNPATXWMKT,https://apps.apple.com/redeem?ctx=offercodes&id=6769825905&code=YJWYJFL8XNPATXWMKT
J7AEAF77M6NNWAART3,https://apps.apple.com/redeem?ctx=offercodes&id=6769825905&code=J7AEAF77M6NNWAART3
HPW8FWMRWEY8FHXFHN,https://apps.apple.com/redeem?ctx=offercodes&id=6769825905&code=HPW8FWMRWEY8FHXFHN
X3W3F6F88FWEKRNMHJ,https://apps.apple.com/redeem?ctx=offercodes&id=6769825905&code=X3W3F6F88FWEKRNMHJ
73PWYHWWAXTLKX8K77,https://apps.apple.com/redeem?ctx=offercodes&id=6769825905&code=73PWYHWWAXTLKX8K77
NNH7P6NT8XYYTKAP6F,https://apps.apple.com/redeem?ctx=offercodes&id=6769825905&code=NNH7P6NT8XYYTKAP6F
AA4EWYJKJ7XJTMHNXW,https://apps.apple.com/redeem?ctx=offercodes&id=6769825905&code=AA4EWYJKJ7XJTMHNXW
J477P6TFFLN7TMA7XK,https://apps.apple.com/redeem?ctx=offercodes&id=6769825905&code=J477P6TFFLN7TMA7XK
73PNA7K36PXRA3MJMW,https://apps.apple.com/redeem?ctx=offercodes&id=6769825905&code=73PNA7K36PXRA3MJMW
YRW7FXMPY876PL34XW,https://apps.apple.com/redeem?ctx=offercodes&id=6769825905&code=YRW7FXMPY876PL34XW
F6K8LNW4FHHF4AKTJX,https://apps.apple.com/redeem?ctx=offercodes&id=6769825905&code=F6K8LNW4FHHF4AKTJX
PTRMNKKWREW44H4L4A,https://apps.apple.com/redeem?ctx=offercodes&id=6769825905&code=PTRMNKKWREW44H4L4A
8AYPX6HYYNNN4FY4KY,https://apps.apple.com/redeem?ctx=offercodes&id=6769825905&code=8AYPX6HYYNNN4FY4KY
8LFP3WK6RETJJJHEEY,https://apps.apple.com/redeem?ctx=offercodes&id=6769825905&code=8LFP3WK6RETJJJHEEY
77LF64NRA3NE4REEEE,https://apps.apple.com/redeem?ctx=offercodes&id=6769825905&code=77LF64NRA3NE4REEEE
4PMMW876KJAYH4KP46,https://apps.apple.com/redeem?ctx=offercodes&id=6769825905&code=4PMMW876KJAYH4KP46
HAPNHRRJ687E67PEJX,https://apps.apple.com/redeem?ctx=offercodes&id=6769825905&code=HAPNHRRJ687E67PEJX
RNWLJ47ANT7NXJX4RH,https://apps.apple.com/redeem?ctx=offercodes&id=6769825905&code=RNWLJ47ANT7NXJX4RH
W8K3JWT7TWLY4RL88F,https://apps.apple.com/redeem?ctx=offercodes&id=6769825905&code=W8K3JWT7TWLY4RL88F
J8HRPJM7X3M6L8XXLW,https://apps.apple.com/redeem?ctx=offercodes&id=6769825905&code=J8HRPJM7X3M6L8XXLW
KPH34JXWTEFTA3LRRR,https://apps.apple.com/redeem?ctx=offercodes&id=6769825905&code=KPH34JXWTEFTA3LRRR
7K4FFRHYJ3PFYTXWAH,https://apps.apple.com/redeem?ctx=offercodes&id=6769825905&code=7K4FFRHYJ3PFYTXWAH
6W34YKANMYFFWLFN7E,https://apps.apple.com/redeem?ctx=offercodes&id=6769825905&code=6W34YKANMYFFWLFN7E
EMTLAKA3WMW86JEN7J,https://apps.apple.com/redeem?ctx=offercodes&id=6769825905&code=EMTLAKA3WMW86JEN7J
XX66M64XKHHHT8MR7L,https://apps.apple.com/redeem?ctx=offercodes&id=6769825905&code=XX66M64XKHHHT8MR7L
TJ3A77P8ELKKMYJYR6,https://apps.apple.com/redeem?ctx=offercodes&id=6769825905&code=TJ3A77P8ELKKMYJYR6
LNRNMXF3A6P4MKTM7L,https://apps.apple.com/redeem?ctx=offercodes&id=6769825905&code=LNRNMXF3A6P4MKTM7L
4Y7E8ETJ33TF6W468H,https://apps.apple.com/redeem?ctx=offercodes&id=6769825905&code=4Y7E8ETJ33TF6W468H
TFEXX3RHHYLWHTLPRY,https://apps.apple.com/redeem?ctx=offercodes&id=6769825905&code=TFEXX3RHHYLWHTLPRY
6WLNL88KKEEJW8WT8R,https://apps.apple.com/redeem?ctx=offercodes&id=6769825905&code=6WLNL88KKEEJW8WT8R
EAMX46LKMXHNEN8L68,https://apps.apple.com/redeem?ctx=offercodes&id=6769825905&code=EAMX46LKMXHNEN8L68
RE8AEFPYE4WWJWAFMR,https://apps.apple.com/redeem?ctx=offercodes&id=6769825905&code=RE8AEFPYE4WWJWAFMR
FJT3KXA3KELMWXW87F,https://apps.apple.com/redeem?ctx=offercodes&id=6769825905&code=FJT3KXA3KELMWXW87F
YHRYMJKYJEKKRN7HXH,https://apps.apple.com/redeem?ctx=offercodes&id=6769825905&code=YHRYMJKYJEKKRN7HXH
36JJTYRP843JYR4PF4,https://apps.apple.com/redeem?ctx=offercodes&id=6769825905&code=36JJTYRP843JYR4PF4
MHTKTNE4J8KJ6YFMJE,https://apps.apple.com/redeem?ctx=offercodes&id=6769825905&code=MHTKTNE4J8KJ6YFMJE
X4FPFPRH8MAL8RHF7H,https://apps.apple.com/redeem?ctx=offercodes&id=6769825905&code=X4FPFPRH8MAL8RHF7H
YFENFT3JAXX677R7PN,https://apps.apple.com/redeem?ctx=offercodes&id=6769825905&code=YFENFT3JAXX677R7PN
PF3TRJP7NMFYAJE6H6,https://apps.apple.com/redeem?ctx=offercodes&id=6769825905&code=PF3TRJP7NMFYAJE6H6
NX6TJKATJXJTLY48T8,https://apps.apple.com/redeem?ctx=offercodes&id=6769825905&code=NX6TJKATJXJTLY48T8
AP66YYKTPYX7RNRALT,https://apps.apple.com/redeem?ctx=offercodes&id=6769825905&code=AP66YYKTPYX7RNRALT
4YHXY8WFNJHFMHNHMJ,https://apps.apple.com/redeem?ctx=offercodes&id=6769825905&code=4YHXY8WFNJHFMHNHMJ
HEHK7XPFRTXJJM44YW,https://apps.apple.com/redeem?ctx=offercodes&id=6769825905&code=HEHK7XPFRTXJJM44YW
WK4Y3AFYR3L38TJP6H,https://apps.apple.com/redeem?ctx=offercodes&id=6769825905&code=WK4Y3AFYR3L38TJP6H
W3MJ8APWK3WPX8HAX7,https://apps.apple.com/redeem?ctx=offercodes&id=6769825905&code=W3MJ8APWK3WPX8HAX7
XMA8FKM6HMFNHR34EJ,https://apps.apple.com/redeem?ctx=offercodes&id=6769825905&code=XMA8FKM6HMFNHR34EJ
NR87AYTF74W3JLETHP,https://apps.apple.com/redeem?ctx=offercodes&id=6769825905&code=NR87AYTF74W3JLETHP
3LKPKXEJ8KN7XTAP7N,https://apps.apple.com/redeem?ctx=offercodes&id=6769825905&code=3LKPKXEJ8KN7XTAP7N
REJREAPA8W3FETLJWP,https://apps.apple.com/redeem?ctx=offercodes&id=6769825905&code=REJREAPA8W3FETLJWP
JEYW8TMYPRLYNPXMF8,https://apps.apple.com/redeem?ctx=offercodes&id=6769825905&code=JEYW8TMYPRLYNPXMF8
8EXFLJJ7H3LW7W4MP4,https://apps.apple.com/redeem?ctx=offercodes&id=6769825905&code=8EXFLJJ7H3LW7W4MP4
ERFMARF3WHWANTFFEE,https://apps.apple.com/redeem?ctx=offercodes&id=6769825905&code=ERFMARF3WHWANTFFEE
8H6MAHYMPWKKP8A4LR,https://apps.apple.com/redeem?ctx=offercodes&id=6769825905&code=8H6MAHYMPWKKP8A4LR
FEH4WFFRYE46TKKLR4,https://apps.apple.com/redeem?ctx=offercodes&id=6769825905&code=FEH4WFFRYE46TKKLR4
A34KR6AJMPRKJ7W6FK,https://apps.apple.com/redeem?ctx=offercodes&id=6769825905&code=A34KR6AJMPRKJ7W6FK
WHEFYLAYTHJFYLYKYE,https://apps.apple.com/redeem?ctx=offercodes&id=6769825905&code=WHEFYLAYTHJFYLYKYE
W7YFXR8H66N3E7R6MA,https://apps.apple.com/redeem?ctx=offercodes&id=6769825905&code=W7YFXR8H66N3E7R6MA
M6F64XNTYFKRN33FN3,https://apps.apple.com/redeem?ctx=offercodes&id=6769825905&code=M6F64XNTYFKRN33FN3
HHXPWPF7YPW7LXRMJ7,https://apps.apple.com/redeem?ctx=offercodes&id=6769825905&code=HHXPWPF7YPW7LXRMJ7
8PJMPK3XMFKAAH6MX8,https://apps.apple.com/redeem?ctx=offercodes&id=6769825905&code=8PJMPK3XMFKAAH6MX8
WJY8LAWT8MA3PYKLTY,https://apps.apple.com/redeem?ctx=offercodes&id=6769825905&code=WJY8LAWT8MA3PYKLTY
6KY8RMAE73FKFAH44L,https://apps.apple.com/redeem?ctx=offercodes&id=6769825905&code=6KY8RMAE73FKFAH44L
3RRM46M8XKRNYF8PMH,https://apps.apple.com/redeem?ctx=offercodes&id=6769825905&code=3RRM46M8XKRNYF8PMH
JHTM46TP6HTTR4LHKW,https://apps.apple.com/redeem?ctx=offercodes&id=6769825905&code=JHTM46TP6HTTR4LHKW
TW4J3PAW6RTN84H8XT,https://apps.apple.com/redeem?ctx=offercodes&id=6769825905&code=TW4J3PAW6RTN84H8XT
4NHA48Y6RKPNLT4KL6,https://apps.apple.com/redeem?ctx=offercodes&id=6769825905&code=4NHA48Y6RKPNLT4KL6
K7ALE47NTEF3RYPLT7,https://apps.apple.com/redeem?ctx=offercodes&id=6769825905&code=K7ALE47NTEF3RYPLT7
FELJHP8TE6FHEYJ4J6,https://apps.apple.com/redeem?ctx=offercodes&id=6769825905&code=FELJHP8TE6FHEYJ4J6
H6PXNF6J44RPJ4F4RY,https://apps.apple.com/redeem?ctx=offercodes&id=6769825905&code=H6PXNF6J44RPJ4F4RY
ETPLWJAR4EJXRNNHHW,https://apps.apple.com/redeem?ctx=offercodes&id=6769825905&code=ETPLWJAR4EJXRNNHHW
AAA33LJEHXA6Y73A4F,https://apps.apple.com/redeem?ctx=offercodes&id=6769825905&code=AAA33LJEHXA6Y73A4F
A88ETMMMK43MNN6WTF,https://apps.apple.com/redeem?ctx=offercodes&id=6769825905&code=A88ETMMMK43MNN6WTF
WAX8AMNWHXEFK8PXWX,https://apps.apple.com/redeem?ctx=offercodes&id=6769825905&code=WAX8AMNWHXEFK8PXWX
EY7AWPR4RAALF6NP3K,https://apps.apple.com/redeem?ctx=offercodes&id=6769825905&code=EY7AWPR4RAALF6NP3K
EXEWFLXN78L4YTPLHA,https://apps.apple.com/redeem?ctx=offercodes&id=6769825905&code=EXEWFLXN78L4YTPLHA
T6L7YRXX66RE8TRLFJ,https://apps.apple.com/redeem?ctx=offercodes&id=6769825905&code=T6L7YRXX66RE8TRLFJ
3PJ44E34P83WYJ7EA7,https://apps.apple.com/redeem?ctx=offercodes&id=6769825905&code=3PJ44E34P83WYJ7EA7
W7T7HHHAKFTXNTJXM3,https://apps.apple.com/redeem?ctx=offercodes&id=6769825905&code=W7T7HHHAKFTXNTJXM3
3KR4E8KLMETW6JMX73,https://apps.apple.com/redeem?ctx=offercodes&id=6769825905&code=3KR4E8KLMETW6JMX73
NNHPMLL74F8YW48T8P,https://apps.apple.com/redeem?ctx=offercodes&id=6769825905&code=NNHPMLL74F8YW48T8P
EJJYFNWH3R6PWYA4RM,https://apps.apple.com/redeem?ctx=offercodes&id=6769825905&code=EJJYFNWH3R6PWYA4RM
XWFNK6X67X84FM4N7L,https://apps.apple.com/redeem?ctx=offercodes&id=6769825905&code=XWFNK6X67X84FM4N7L
KYFAA7E78ML4LN7RF3,https://apps.apple.com/redeem?ctx=offercodes&id=6769825905&code=KYFAA7E78ML4LN7RF3
RRMJFTFMAXFHKKL7MT,https://apps.apple.com/redeem?ctx=offercodes&id=6769825905&code=RRMJFTFMAXFHKKL7MT
HLWLWP43EAYNMEJLMR,https://apps.apple.com/redeem?ctx=offercodes&id=6769825905&code=HLWLWP43EAYNMEJLMR
LFHKTAK8464TLJ43MY,https://apps.apple.com/redeem?ctx=offercodes&id=6769825905&code=LFHKTAK8464TLJ43MY
E63MEM7FKFKR6T67HX,https://apps.apple.com/redeem?ctx=offercodes&id=6769825905&code=E63MEM7FKFKR6T67HX
MFRPFE7684XYKAXKAN,https://apps.apple.com/redeem?ctx=offercodes&id=6769825905&code=MFRPFE7684XYKAXKAN
337HWTJE8X8AHK7RA6,https://apps.apple.com/redeem?ctx=offercodes&id=6769825905&code=337HWTJE8X8AHK7RA6
3T7K6WLYETFJ33K7YR,https://apps.apple.com/redeem?ctx=offercodes&id=6769825905&code=3T7K6WLYETFJ33K7YR
MTEAJ66F7XW864JWRK,https://apps.apple.com/redeem?ctx=offercodes&id=6769825905&code=MTEAJ66F7XW864JWRK
ATX3WXNXK6F7HEMRPW,https://apps.apple.com/redeem?ctx=offercodes&id=6769825905&code=ATX3WXNXK6F7HEMRPW
4ATN64HRKTEWJKHLEX,https://apps.apple.com/redeem?ctx=offercodes&id=6769825905&code=4ATN64HRKTEWJKHLEX
3TYF667EE8JFFJTP8P,https://apps.apple.com/redeem?ctx=offercodes&id=6769825905&code=3TYF667EE8JFFJTP8P
6M7488TRJ4NL6448RM,https://apps.apple.com/redeem?ctx=offercodes&id=6769825905&code=6M7488TRJ4NL6448RM
FKX7AELFAEWJW8W3TN,https://apps.apple.com/redeem?ctx=offercodes&id=6769825905&code=FKX7AELFAEWJW8W3TN
ANMKJ6MTN4T3PPHHWF,https://apps.apple.com/redeem?ctx=offercodes&id=6769825905&code=ANMKJ6MTN4T3PPHHWF
EL78E7KX38HP66W7WM,https://apps.apple.com/redeem?ctx=offercodes&id=6769825905&code=EL78E7KX38HP66W7WM
MKK84RNMNR8A78FFAJ,https://apps.apple.com/redeem?ctx=offercodes&id=6769825905&code=MKK84RNMNR8A78FFAJ
H88YX4F7LWN7L7TF3T,https://apps.apple.com/redeem?ctx=offercodes&id=6769825905&code=H88YX4F7LWN7L7TF3T
NNP84P8LWMJP68YJFJ,https://apps.apple.com/redeem?ctx=offercodes&id=6769825905&code=NNP84P8LWMJP68YJFJ
86HJJM87N63Y3XJWM7,https://apps.apple.com/redeem?ctx=offercodes&id=6769825905&code=86HJJM87N63Y3XJWM7
MHHWRYFWRRNN7K768K,https://apps.apple.com/redeem?ctx=offercodes&id=6769825905&code=MHHWRYFWRRNN7K768K
7KK48FJMFY3WA3P6EL,https://apps.apple.com/redeem?ctx=offercodes&id=6769825905&code=7KK48FJMFY3WA3P6EL
XRYTW3HHFE474MNWTR,https://apps.apple.com/redeem?ctx=offercodes&id=6769825905&code=XRYTW3HHFE474MNWTR
8E6KETA3NHEMTL8EN8,https://apps.apple.com/redeem?ctx=offercodes&id=6769825905&code=8E6KETA3NHEMTL8EN8
8FRF43NKYYKJE6ALAH,https://apps.apple.com/redeem?ctx=offercodes&id=6769825905&code=8FRF43NKYYKJE6ALAH
LWX3P4RMJKM6YNJNM3,https://apps.apple.com/redeem?ctx=offercodes&id=6769825905&code=LWX3P4RMJKM6YNJNM3
HYYJJ6R6W6XMY8J84R,https://apps.apple.com/redeem?ctx=offercodes&id=6769825905&code=HYYJJ6R6W6XMY8J84R
KRNWPNNXM6HKWHALAP,https://apps.apple.com/redeem?ctx=offercodes&id=6769825905&code=KRNWPNNXM6HKWHALAP
6MAJT8NW6YP6F4F4R8,https://apps.apple.com/redeem?ctx=offercodes&id=6769825905&code=6MAJT8NW6YP6F4F4R8
N87XXF6TE4KHLFXF7P,https://apps.apple.com/redeem?ctx=offercodes&id=6769825905&code=N87XXF6TE4KHLFXF7P
XNLK3AF4WM4M7WNP8W,https://apps.apple.com/redeem?ctx=offercodes&id=6769825905&code=XNLK3AF4WM4M7WNP8W
AKMX3L7MEFAEA6P3WR,https://apps.apple.com/redeem?ctx=offercodes&id=6769825905&code=AKMX3L7MEFAEA6P3WR
X44PE7M3NTHXLX6MAF,https://apps.apple.com/redeem?ctx=offercodes&id=6769825905&code=X44PE7M3NTHXLX6MAF
HHTPT6K864W78PE3P4,https://apps.apple.com/redeem?ctx=offercodes&id=6769825905&code=HHTPT6K864W78PE3P4
TFJYHY7486JM7K6NLJ,https://apps.apple.com/redeem?ctx=offercodes&id=6769825905&code=TFJYHY7486JM7K6NLJ
PJHNEKM6N8L4AAJRN4,https://apps.apple.com/redeem?ctx=offercodes&id=6769825905&code=PJHNEKM6N8L4AAJRN4
8YNKMHXLTRLELH344X,https://apps.apple.com/redeem?ctx=offercodes&id=6769825905&code=8YNKMHXLTRLELH344X
RR8MP43YRARAFTTTHR,https://apps.apple.com/redeem?ctx=offercodes&id=6769825905&code=RR8MP43YRARAFTTTHR
7L6HJYW4TK84N3HTTY,https://apps.apple.com/redeem?ctx=offercodes&id=6769825905&code=7L6HJYW4TK84N3HTTY
KFR6LPLNH47H3ENRFW,https://apps.apple.com/redeem?ctx=offercodes&id=6769825905&code=KFR6LPLNH47H3ENRFW
JEMPEY8Y6YEEP8NJ8R,https://apps.apple.com/redeem?ctx=offercodes&id=6769825905&code=JEMPEY8Y6YEEP8NJ8R
P6ANNTWRJKENLJ633L,https://apps.apple.com/redeem?ctx=offercodes&id=6769825905&code=P6ANNTWRJKENLJ633L
N8EWXNH6P876PAFEW3,https://apps.apple.com/redeem?ctx=offercodes&id=6769825905&code=N8EWXNH6P876PAFEW3
KT3RMENMWE7MATMLAX,https://apps.apple.com/redeem?ctx=offercodes&id=6769825905&code=KT3RMENMWE7MATMLAX
F3TJNKRFYTWKXEJ8TH,https://apps.apple.com/redeem?ctx=offercodes&id=6769825905&code=F3TJNKRFYTWKXEJ8TH
PT7N66MFFHEX7JKTEW,https://apps.apple.com/redeem?ctx=offercodes&id=6769825905&code=PT7N66MFFHEX7JKTEW
7ERPRWJYR87L7YA8M6,https://apps.apple.com/redeem?ctx=offercodes&id=6769825905&code=7ERPRWJYR87L7YA8M6
Y3A3J7WJTFMNMN7PJP,https://apps.apple.com/redeem?ctx=offercodes&id=6769825905&code=Y3A3J7WJTFMNMN7PJP
XWJHPKR4WKKARTH6TE,https://apps.apple.com/redeem?ctx=offercodes&id=6769825905&code=XWJHPKR4WKKARTH6TE
KYRFJJM7A38NJ8K36M,https://apps.apple.com/redeem?ctx=offercodes&id=6769825905&code=KYRFJJM7A38NJ8K36M
366WR67P8A8RWMKW6N,https://apps.apple.com/redeem?ctx=offercodes&id=6769825905&code=366WR67P8A8RWMKW6N
K4MR3XLTNNLJL67NKJ,https://apps.apple.com/redeem?ctx=offercodes&id=6769825905&code=K4MR3XLTNNLJL67NKJ
X6JJ38WLXE3JKNT3E6,https://apps.apple.com/redeem?ctx=offercodes&id=6769825905&code=X6JJ38WLXE3JKNT3E6
PKPT7PYENHF4JRXEYJ,https://apps.apple.com/redeem?ctx=offercodes&id=6769825905&code=PKPT7PYENHF4JRXEYJ
MW6RLWEXNAKMRJHLYT,https://apps.apple.com/redeem?ctx=offercodes&id=6769825905&code=MW6RLWEXNAKMRJHLYT
Y3N6F7W48L7XJAJ46P,https://apps.apple.com/redeem?ctx=offercodes&id=6769825905&code=Y3N6F7W48L7XJAJ46P
ML7JPR6NLKYT436W4Y,https://apps.apple.com/redeem?ctx=offercodes&id=6769825905&code=ML7JPR6NLKYT436W4Y
NWHMW7EMHA66ALW4JH,https://apps.apple.com/redeem?ctx=offercodes&id=6769825905&code=NWHMW7EMHA66ALW4JH
LP8EAX6P6W4M6RN8YN,https://apps.apple.com/redeem?ctx=offercodes&id=6769825905&code=LP8EAX6P6W4M6RN8YN
63L7YJ7KAWH43438PR,https://apps.apple.com/redeem?ctx=offercodes&id=6769825905&code=63L7YJ7KAWH43438PR
3XFT7E8WKPHERN4PKX,https://apps.apple.com/redeem?ctx=offercodes&id=6769825905&code=3XFT7E8WKPHERN4PKX
MTAW8EMRTXF43AHY38,https://apps.apple.com/redeem?ctx=offercodes&id=6769825905&code=MTAW8EMRTXF43AHY38
WNLJMMAPKTP7KH88KY,https://apps.apple.com/redeem?ctx=offercodes&id=6769825905&code=WNLJMMAPKTP7KH88KY
MK3RF7N8KH34Y486K7,https://apps.apple.com/redeem?ctx=offercodes&id=6769825905&code=MK3RF7N8KH34Y486K7
R7ANRALNNE66XTT3YW,https://apps.apple.com/redeem?ctx=offercodes&id=6769825905&code=R7ANRALNNE66XTT3YW
RYW878XPT6A3MNAY6A,https://apps.apple.com/redeem?ctx=offercodes&id=6769825905&code=RYW878XPT6A3MNAY6A
6LPHKP7W667TMA8AF6,https://apps.apple.com/redeem?ctx=offercodes&id=6769825905&code=6LPHKP7W667TMA8AF6
4EMF48FFTP8X7K67RW,https://apps.apple.com/redeem?ctx=offercodes&id=6769825905&code=4EMF48FFTP8X7K67RW
XJFWXKT347NNM7PTN4,https://apps.apple.com/redeem?ctx=offercodes&id=6769825905&code=XJFWXKT347NNM7PTN4
3RPPNR3A3J3TTREHTY,https://apps.apple.com/redeem?ctx=offercodes&id=6769825905&code=3RPPNR3A3J3TTREHTY
EP76R3RYATTJKL6YR7,https://apps.apple.com/redeem?ctx=offercodes&id=6769825905&code=EP76R3RYATTJKL6YR7
67JLAFRMHML44LRMR4,https://apps.apple.com/redeem?ctx=offercodes&id=6769825905&code=67JLAFRMHML44LRMR4
Y6A88TX4EEAATL4KNH,https://apps.apple.com/redeem?ctx=offercodes&id=6769825905&code=Y6A88TX4EEAATL4KNH
7E4XRMPTPLP843LLNL,https://apps.apple.com/redeem?ctx=offercodes&id=6769825905&code=7E4XRMPTPLP843LLNL
WXY7PAH86X8AHLWFF6,https://apps.apple.com/redeem?ctx=offercodes&id=6769825905&code=WXY7PAH86X8AHLWFF6
7HYKJ78K7786X78FTW,https://apps.apple.com/redeem?ctx=offercodes&id=6769825905&code=7HYKJ78K7786X78FTW
H7HKAEF3WH4M8E3FWF,https://apps.apple.com/redeem?ctx=offercodes&id=6769825905&code=H7HKAEF3WH4M8E3FWF
33MHWT3MMFHMPANFNJ,https://apps.apple.com/redeem?ctx=offercodes&id=6769825905&code=33MHWT3MMFHMPANFNJ
MWR7ANE6TEXPHMKKLH,https://apps.apple.com/redeem?ctx=offercodes&id=6769825905&code=MWR7ANE6TEXPHMKKLH
NP3MM47LA6J6APRXRN,https://apps.apple.com/redeem?ctx=offercodes&id=6769825905&code=NP3MM47LA6J6APRXRN
YLWXATPLAMFMNW8F38,https://apps.apple.com/redeem?ctx=offercodes&id=6769825905&code=YLWXATPLAMFMNW8F38
KMWJ3LEPRA6KM6E44J,https://apps.apple.com/redeem?ctx=offercodes&id=6769825905&code=KMWJ3LEPRA6KM6E44J
6KYT6NT87J3RMNKKEY,https://apps.apple.com/redeem?ctx=offercodes&id=6769825905&code=6KYT6NT87J3RMNKKEY
XEHKMEMP7RLRK6WENF,https://apps.apple.com/redeem?ctx=offercodes&id=6769825905&code=XEHKMEMP7RLRK6WENF
R6MEMN4JL6EAH4HFK7,https://apps.apple.com/redeem?ctx=offercodes&id=6769825905&code=R6MEMN4JL6EAH4HFK7
J8JLRM8T6AJ4TN8KNM,https://apps.apple.com/redeem?ctx=offercodes&id=6769825905&code=J8JLRM8T6AJ4TN8KNM
MF3MKXAMWPYMRTHM3P,https://apps.apple.com/redeem?ctx=offercodes&id=6769825905&code=MF3MKXAMWPYMRTHM3P
KJ3MPTHW4XJKTHN4HH,https://apps.apple.com/redeem?ctx=offercodes&id=6769825905&code=KJ3MPTHW4XJKTHN4HH
KAKKAFKFMH834EAAKN,https://apps.apple.com/redeem?ctx=offercodes&id=6769825905&code=KAKKAFKFMH834EAAKN
KK7MH6FPPY6J7P8AK7,https://apps.apple.com/redeem?ctx=offercodes&id=6769825905&code=KK7MH6FPPY6J7P8AK7
MJKMFPJ8KL37486366,https://apps.apple.com/redeem?ctx=offercodes&id=6769825905&code=MJKMFPJ8KL37486366
7FA88LX8L377EFNF4J,https://apps.apple.com/redeem?ctx=offercodes&id=6769825905&code=7FA88LX8L377EFNF4J
43A3PNW74TKKRE887J,https://apps.apple.com/redeem?ctx=offercodes&id=6769825905&code=43A3PNW74TKKRE887J
XNHFNH7MX834YP6W88,https://apps.apple.com/redeem?ctx=offercodes&id=6769825905&code=XNHFNH7MX834YP6W88
PFNNXEJ876M46JJNR4,https://apps.apple.com/redeem?ctx=offercodes&id=6769825905&code=PFNNXEJ876M46JJNR4
M6WF3HRJFMH4HYXREL,https://apps.apple.com/redeem?ctx=offercodes&id=6769825905&code=M6WF3HRJFMH4HYXREL
HXFJ684E4J47FRPF4T,https://apps.apple.com/redeem?ctx=offercodes&id=6769825905&code=HXFJ684E4J47FRPF4T
6HNXTM6RANN8P3NPPF,https://apps.apple.com/redeem?ctx=offercodes&id=6769825905&code=6HNXTM6RANN8P3NPPF
HP87A7WYKLLEENNY4N,https://apps.apple.com/redeem?ctx=offercodes&id=6769825905&code=HP87A7WYKLLEENNY4N
AAKX8FPELJMPK3PFEW,https://apps.apple.com/redeem?ctx=offercodes&id=6769825905&code=AAKX8FPELJMPK3PFEW
M484M8KMX48FAYTFXH,https://apps.apple.com/redeem?ctx=offercodes&id=6769825905&code=M484M8KMX48FAYTFXH
TA3ETJXMEFFHNWMLL7,https://apps.apple.com/redeem?ctx=offercodes&id=6769825905&code=TA3ETJXMEFFHNWMLL7
LX84KL4834XP48M386,https://apps.apple.com/redeem?ctx=offercodes&id=6769825905&code=LX84KL4834XP48M386
YAX76XJMAT76TPNA6K,https://apps.apple.com/redeem?ctx=offercodes&id=6769825905&code=YAX76XJMAT76TPNA6K
PT3JH46HERRFJWNXTK,https://apps.apple.com/redeem?ctx=offercodes&id=6769825905&code=PT3JH46HERRFJWNXTK
NJALL84T8KYFWFAFJ6,https://apps.apple.com/redeem?ctx=offercodes&id=6769825905&code=NJALL84T8KYFWFAFJ6
3MKTNEEY8M6JAHWF7T,https://apps.apple.com/redeem?ctx=offercodes&id=6769825905&code=3MKTNEEY8M6JAHWF7T
KF7AAJ7YXX8PLNWMNM,https://apps.apple.com/redeem?ctx=offercodes&id=6769825905&code=KF7AAJ7YXX8PLNWMNM
HP36LX748JMTF7H64L,https://apps.apple.com/redeem?ctx=offercodes&id=6769825905&code=HP36LX748JMTF7H64L
ATLX8LPHEEWXRWK6PE,https://apps.apple.com/redeem?ctx=offercodes&id=6769825905&code=ATLX8LPHEEWXRWK6PE
N8EEEKWAN7NEAF8MWR,https://apps.apple.com/redeem?ctx=offercodes&id=6769825905&code=N8EEEKWAN7NEAF8MWR
4EPF846TKLFXYEXJX3,https://apps.apple.com/redeem?ctx=offercodes&id=6769825905&code=4EPF846TKLFXYEXJX3
8TYW7FE68P8A6FAE74,https://apps.apple.com/redeem?ctx=offercodes&id=6769825905&code=8TYW7FE68P8A6FAE74
JXWMKJ8EPFPTH6KLAH,https://apps.apple.com/redeem?ctx=offercodes&id=6769825905&code=JXWMKJ8EPFPTH6KLAH
WJRXMFXTFF7LNFHNKJ,https://apps.apple.com/redeem?ctx=offercodes&id=6769825905&code=WJRXMFXTFF7LNFHNKJ
46KYTXWHJAE86RY8R7,https://apps.apple.com/redeem?ctx=offercodes&id=6769825905&code=46KYTXWHJAE86RY8R7
RRWNAME6YE8H38HJK3,https://apps.apple.com/redeem?ctx=offercodes&id=6769825905&code=RRWNAME6YE8H38HJK3
T8A7XW37AXYWAKXP7M,https://apps.apple.com/redeem?ctx=offercodes&id=6769825905&code=T8A7XW37AXYWAKXP7M
AF3X48L7X8EMTAKFX6,https://apps.apple.com/redeem?ctx=offercodes&id=6769825905&code=AF3X48L7X8EMTAKFX6
NAMW4WPHWWY7PXN3WW,https://apps.apple.com/redeem?ctx=offercodes&id=6769825905&code=NAMW4WPHWWY7PXN3WW
3FT4XM73H3EJ7H3NLW,https://apps.apple.com/redeem?ctx=offercodes&id=6769825905&code=3FT4XM73H3EJ7H3NLW
W38TJ4FAT4NNNX3KFE,https://apps.apple.com/redeem?ctx=offercodes&id=6769825905&code=W38TJ4FAT4NNNX3KFE
HAK7WRR46HHK78PTYH,https://apps.apple.com/redeem?ctx=offercodes&id=6769825905&code=HAK7WRR46HHK78PTYH
P4HRMEAYXJTXKNLH6W,https://apps.apple.com/redeem?ctx=offercodes&id=6769825905&code=P4HRMEAYXJTXKNLH6W
8RKRENMTTX7TH378MT,https://apps.apple.com/redeem?ctx=offercodes&id=6769825905&code=8RKRENMTTX7TH378MT
RT7YRP4K883XEEW6LM,https://apps.apple.com/redeem?ctx=offercodes&id=6769825905&code=RT7YRP4K883XEEW6LM
6WERH6XPPARHYARY6H,https://apps.apple.com/redeem?ctx=offercodes&id=6769825905&code=6WERH6XPPARHYARY6H
FJWFW3RPLR3NALLE7P,https://apps.apple.com/redeem?ctx=offercodes&id=6769825905&code=FJWFW3RPLR3NALLE7P
J866MKLRA77Y36XFKX,https://apps.apple.com/redeem?ctx=offercodes&id=6769825905&code=J866MKLRA77Y36XFKX
AJL343Y3R7YWXH7LX8,https://apps.apple.com/redeem?ctx=offercodes&id=6769825905&code=AJL343Y3R7YWXH7LX8
NAH3RE68W8XLJKYXLL,https://apps.apple.com/redeem?ctx=offercodes&id=6769825905&code=NAH3RE68W8XLJKYXLL
LENJ7YHRMTENEJH4EH,https://apps.apple.com/redeem?ctx=offercodes&id=6769825905&code=LENJ7YHRMTENEJH4EH
73JN4YXJYFPHX8K6EM,https://apps.apple.com/redeem?ctx=offercodes&id=6769825905&code=73JN4YXJYFPHX8K6EM
HFJ7MKPTXP8HA6MAAE,https://apps.apple.com/redeem?ctx=offercodes&id=6769825905&code=HFJ7MKPTXP8HA6MAAE
ET3RPT44J3JH4FFRA4,https://apps.apple.com/redeem?ctx=offercodes&id=6769825905&code=ET3RPT44J3JH4FFRA4
TYXNM4NXEEWYPEW8N6,https://apps.apple.com/redeem?ctx=offercodes&id=6769825905&code=TYXNM4NXEEWYPEW8N6
TEE43YFXWTETNHFT8H,https://apps.apple.com/redeem?ctx=offercodes&id=6769825905&code=TEE43YFXWTETNHFT8H
TX83ARHKN3THFXWRTY,https://apps.apple.com/redeem?ctx=offercodes&id=6769825905&code=TX83ARHKN3THFXWRTY
4AY76NNYW4YX8YFM8N,https://apps.apple.com/redeem?ctx=offercodes&id=6769825905&code=4AY76NNYW4YX8YFM8N
FN3MMW6EW8RLW3JHJL,https://apps.apple.com/redeem?ctx=offercodes&id=6769825905&code=FN3MMW6EW8RLW3JHJL
HTWM63E3JALXNEJXKH,https://apps.apple.com/redeem?ctx=offercodes&id=6769825905&code=HTWM63E3JALXNEJXKH
8FWP8F44KKPHE4LFPN,https://apps.apple.com/redeem?ctx=offercodes&id=6769825905&code=8FWP8F44KKPHE4LFPN
W33KEYMXJ4WXR378TL,https://apps.apple.com/redeem?ctx=offercodes&id=6769825905&code=W33KEYMXJ4WXR378TL
NWM4JJK3PTNP73WYNF,https://apps.apple.com/redeem?ctx=offercodes&id=6769825905&code=NWM4JJK3PTNP73WYNF
4Y874TEEJEXER46JY8,https://apps.apple.com/redeem?ctx=offercodes&id=6769825905&code=4Y874TEEJEXER46JY8
4TAKFNJTMLFX7PXJNX,https://apps.apple.com/redeem?ctx=offercodes&id=6769825905&code=4TAKFNJTMLFX7PXJNX
EP6YXEPKEXWYAMN7PR,https://apps.apple.com/redeem?ctx=offercodes&id=6769825905&code=EP6YXEPKEXWYAMN7PR
